Date (Local),Commits,Files Changed,Lines Added,Lines Deleted
Fri Dec 12 17:13:17 2025,1,34,34,34
Fri Dec 12 19:33:14 2025,1,34,34,34
Fri Jan 23 12:59:46 2026,1,74,74,74
Fri Jan 23 14:51:47 2026,1,74,74,74
Fri Jan 23 16:25:35 2026,1,74,74,74
Mon Dec 22 09:24:51 2025,1,433,433,433
Mon Dec 22 21:49:46 2025,1,433,433,433
Mon Dec 29 22:59:04 2025,1,6,6,6
Mon Dec 29 23:02:23 2025,1,6,6,6
Sat Dec 13 10:20:56 2025,1,9,9,9
Sat Dec 20 21:19:13 2025,1,63,63,51
Sat Dec 20 21:19:20 2025,1,63,63,51
Sat Dec 20 21:58:24 2025,1,63,63,51
Sat Dec 20 22:16:28 2025,1,63,63,51
Sat Dec 20 23:04:12 2025,1,63,63,51
Sun Dec 21 00:23:52 2025,1,186,186,186
Sun Dec 21 14:42:21 2025,1,186,186,186
Sun Dec 21 15:19:10 2025,1,186,186,186
Sun Dec 21 18:12:43 2025,1,186,186,186
Sun Dec 21 20:47:01 2025,1,186,186,186
Sun Dec 21 21:45:44 2025,1,186,186,186
Sun Dec 7 14:31:50 2025,1,134,134,104
Sun Dec 7 16:54:06 2025,1,134,134,104
Sun Dec 7 17:47:26 2025,1,134,134,104
Sun Dec 7 17:55:28 2025,1,134,134,104
Sun Dec 7 19:27:30 2025,1,134,134,104
Thu Jan 29 06:35:30 2026,1,84,84,84
Thu Jan 29 06:41:53 2026,1,84,84,84
Tue Feb 3 19:27:14 2026,1,42,42,42
Wed Dec 24 17:23:55 2025,1,56,56,55
Wed Dec 24 17:24:08 2025,1,56,56,55
Wed Jan 28 09:30:43 2026,1,108,108,97
Wed Jan 28 11:57:09 2026,1,108,108,97
Wed Jan 28 12:07:23 2026,1,108,108,97
Wed Jan 28 12:20:41 2026,1,108,108,97
Wed Jan 28 12:21:51 2026,1,108,108,97
Wed Jan 28 12:33:53 2026,1,108,108,97
Wed Jan 28 12:51:01 2026,1,108,108,97
Wed Jan 28 12:55:47 2026,1,108,108,97
Wed Jan 28 13:56:14 2026,1,108,108,97
Wed Jan 28 13:59:50 2026,1,108,108,97
Wed Jan 28 14:11:56 2026,1,108,108,97
Wed Jan 28 14:12:29 2026,1,108,108,97
Wed Jan 28 14:17:45 2026,1,108,108,97
Wed Jan 28 14:30:41 2026,1,108,108,97
Wed Jan 28 22:36:46 2026,1,108,108,97
